text,label
Amber Walker confirmed a suspicious package was found near Christopherside around 07:45.,suspicious
midnight: Surveillance detected Joseph Elliott transporting IED through Kimmouth.,critical
"At 03:00, James Harris met with Barbara Wood in Lake Brittanyland to discuss IED.",suspicious
Madison Fischer warned of an impending attack in West Bobbymouth using sniper rifle at evening.,benign
"At dawn, Edward Mitchell met with Paul Roberts in Jenniferchester to discuss grenade.",critical
"At 13:30, Jessica Smith met with Jessica Sanders in South Jeremyberg to discuss drone.",suspicious
Multiple drones carrying grenade spotted near Port Stephenland just after 20:15.,benign
13:30: Surveillance detected Susan York transporting IED through West Eric.,suspicious
Julie Phillips and Melissa Potter conducted a drill with drone near Ortegafurt around 03:00.,benign
"At 13:30, Annette Williams met with Joann Murphy in Thompsonfurt to discuss AK-47.",critical
Authorities in Henrytown detained Kimberly Jones with explosives resembling IED at 13:30.,benign
Dr. Bruce Hart confirmed a suspicious package was found near Silvaport around midnight.,benign
midnight: Surveillance detected Michelle Lee transporting AK-47 through Port Angela.,benign
Allen Wilson warned of an impending attack in South Michaelburgh using AK-47 at midnight.,benign
Security forces responded to a threat involving IED in South Sarahview led by Melissa Clayton at 20:15.,suspicious
Mrs. Stephanie Hayden warned of an impending attack in Lake Katelyn using chemical gas at 03:00.,suspicious
Security forces responded to a threat involving drone in Francisstad led by Marcus Morris at evening.,benign
Nicole Davidson confirmed a suspicious package was found near Rebeccafurt around 20:15.,benign
midnight: Surveillance detected Isaac Beard transporting drone through Amyton.,critical
midnight: Surveillance detected Robert Edwards transporting grenade through East Robert.,benign
Military sources say Gina Steele planned a strike at Toddside using sniper rifle at 20:15.,critical
"At 13:30, Nancy Parsons met with Justin Taylor in East Sandra to discuss RPG.",suspicious
Peter Oneal MD and Robert Shields conducted a drill with AK-47 near Watsonhaven around evening.,benign
Multiple drones carrying sniper rifle spotted near Geraldton just after midnight.,suspicious
Military sources say Nicole Howard planned a strike at East Cherylburgh using IED at 20:15.,critical
evening: Surveillance detected Donald Vasquez transporting IED through Washingtonbury.,suspicious
Authorities in West Rebeccaville detained Brittany White with explosives resembling drone at 13:30.,critical
Jonathan Wise confirmed a suspicious package was found near New Douglas around 07:45.,critical
"At midnight, Caitlin Stewart met with Sierra Mitchell in Lisaville to discuss sniper rifle.",suspicious
dawn: Surveillance detected Megan Clayton transporting chemical gas through North Nancyhaven.,suspicious
Multiple drones carrying RPG spotted near New Crystaltown just after 03:00.,suspicious
13:30: Surveillance detected Karen Jones transporting RPG through North Thomas.,suspicious
A joint operation led by Connor Willis uncovered hidden AK-47 caches in Lydiamouth.,benign
Multiple drones carrying chemical gas spotted near North Ericaton just after 07:45.,benign
Multiple drones carrying drone spotted near Thompsonview just after 20:15.,critical
Austin Hood confirmed a suspicious package was found near South Sabrina around evening.,suspicious
Multiple drones carrying AK-47 spotted near Walterchester just after 20:15.,suspicious
A joint operation led by Jennifer Williams uncovered hidden AK-47 caches in Danieltown.,suspicious
evening: Surveillance detected Sarah Delacruz transporting AK-47 through Ericburgh.,critical
evening: Surveillance detected Rhonda Simon transporting chemical gas through East Stephanieland.,critical
Steven Sanford confirmed a suspicious package was found near North Joel around 03:00.,suspicious
"At midnight, Candace Leon met with Debra Ramos in Tamaraland to discuss AK-47.",critical
Authorities in Duartemouth detained Anthony Holmes with explosives resembling IED at 20:15.,suspicious
Multiple drones carrying sniper rifle spotted near Hernandezshire just after 13:30.,critical
A joint operation led by Angelica Lopez uncovered hidden RPG caches in West Benjamin.,suspicious
dawn: Surveillance detected Alexandria Valdez transporting RPG through Greenetown.,critical
Dakota Wilson and Jon Vargas conducted a drill with drone near Yangmouth around midnight.,benign
Security forces responded to a threat involving IED in North Cameron led by Jennifer Walker at 03:00.,suspicious
Security forces responded to a threat involving IED in Smithhaven led by Dawn Bowen at 03:00.,benign
03:00: Surveillance detected Joseph Cantrell transporting IED through East Suzanne.,suspicious
Jessica Anderson and Kelly Wilson conducted a drill with AK-47 near Keithbury around 13:30.,critical
Jeffrey Rodriguez warned of an impending attack in Brownchester using grenade at 13:30.,benign
Multiple drones carrying sniper rifle spotted near North Robert just after 13:30.,critical
"At 03:00, Mark Jacobs met with William Schultz in Galvanstad to discuss drone.",benign
Authorities in South Mercedesberg detained Olivia Allen with explosives resembling grenade at 13:30.,suspicious
Multiple drones carrying sniper rifle spotted near Lake Jamieview just after evening.,critical
Steven Ball warned of an impending attack in Port Roberto using RPG at 20:15.,suspicious
Security forces responded to a threat involving IED in Tammyhaven led by Jennifer Tapia at midnight.,suspicious
Security forces responded to a threat involving sniper rifle in North Paulfurt led by Steven Armstrong at 13:30.,suspicious
Raymond Alexander confirmed a suspicious package was found near Hughesburgh around 13:30.,suspicious
Security forces responded to a threat involving sniper rifle in Stevenborough led by Timothy Nguyen at dawn.,suspicious
Authorities in Port Christopher detained Bradley Bradley with explosives resembling AK-47 at 20:15.,suspicious
Authorities in Wandatown detained Kathleen Cole with explosives resembling RPG at 13:30.,suspicious
dawn: Surveillance detected Kevin Barnes transporting drone through Johnstonville.,benign
Robin Mitchell warned of an impending attack in Billyborough using chemical gas at evening.,benign
07:45: Surveillance detected Mary Scott transporting chemical gas through Angelaberg.,suspicious
Jeremy Gray confirmed a suspicious package was found near Thomaschester around evening.,critical
Security forces responded to a threat involving grenade in West Alexander led by Anthony Mitchell at dawn.,benign
03:00: Surveillance detected Nicole Evans transporting RPG through Smithstad.,critical
20:15: Surveillance detected Timothy Miller transporting RPG through Davenportstad.,critical
Brittany Gross confirmed a suspicious package was found near Port Davidburgh around 13:30.,benign
Cynthia Leonard warned of an impending attack in East Dustin using sniper rifle at 03:00.,benign
Authorities in Port Williamfurt detained Wesley Raymond with explosives resembling sniper rifle at midnight.,suspicious
Authorities in New David detained Benjamin Young with explosives resembling grenade at midnight.,benign
Authorities in Port Caitlin detained Natasha Walsh with explosives resembling RPG at 20:15.,critical
A joint operation led by Jacqueline Wilson uncovered hidden drone caches in East Jacobshire.,critical
Authorities in South Williamton detained Deborah Baker with explosives resembling RPG at evening.,critical
Noah Castaneda confirmed a suspicious package was found near Amyshire around dawn.,critical
Anthony Barrera confirmed a suspicious package was found near West Nicolefurt around 03:00.,benign
A joint operation led by Jordan Price uncovered hidden sniper rifle caches in Port Robert.,suspicious
Military sources say Kelly Friedman planned a strike at Williamfort using drone at 20:15.,critical
Patrick Arnold confirmed a suspicious package was found near Lake Deniseview around 03:00.,suspicious
Multiple drones carrying RPG spotted near Lisachester just after 13:30.,critical
Luis Guzman and Brian Taylor conducted a drill with chemical gas near Reedfort around 03:00.,suspicious
Gwendolyn Turner warned of an impending attack in Marychester using IED at 07:45.,suspicious
03:00: Surveillance detected Matthew Blankenship transporting RPG through Nicholastown.,suspicious
Military sources say Timothy Contreras planned a strike at New Karen using drone at 20:15.,benign
Military sources say Roger Hanson planned a strike at North Jennifer using chemical gas at 20:15.,suspicious
Desiree Medina warned of an impending attack in Joshuachester using chemical gas at 20:15.,benign
Elizabeth Rose confirmed a suspicious package was found near New Thomaston around midnight.,benign
Multiple drones carrying RPG spotted near East Andrealand just after 07:45.,benign
Authorities in Goodmanland detained Scott Wilson with explosives resembling grenade at 07:45.,benign
Security forces responded to a threat involving grenade in Andrewville led by Matthew Martinez at midnight.,benign
Military sources say Robert Gonzalez planned a strike at Ninaberg using sniper rifle at 20:15.,critical
A joint operation led by Amanda Williams uncovered hidden sniper rifle caches in Raymondbury.,suspicious
Authorities in Jenniferchester detained Natalie Taylor with explosives resembling RPG at 07:45.,suspicious
Jamie Sullivan and Barbara White conducted a drill with RPG near North Donald around evening.,critical
midnight: Surveillance detected Bonnie Scott transporting drone through Collinsmouth.,critical
dawn: Surveillance detected Robert Mcguire transporting sniper rifle through Port Lindaside.,suspicious
20:15: Surveillance detected Dawn Sanchez transporting AK-47 through Toddmouth.,suspicious
Security forces responded to a threat involving RPG in Nicholsfurt led by John Allen IV at 20:15.,benign
Security forces responded to a threat involving sniper rifle in Nathanville led by Sarah Aguilar at 03:00.,benign
midnight: Surveillance detected Brianna Martin DVM transporting sniper rifle through Port Jeffreyview.,suspicious
A joint operation led by Becky Lane uncovered hidden sniper rifle caches in Whitefurt.,benign
A joint operation led by Felicia Powell uncovered hidden sniper rifle caches in New Derekland.,critical
Authorities in East Markbury detained Jason Douglas with explosives resembling grenade at evening.,critical
Susan Mccarty confirmed a suspicious package was found near West Valerieburgh around 07:45.,benign
Patrick Hubbard warned of an impending attack in Stevenston using sniper rifle at 20:15.,suspicious
Military sources say Amanda Wagner planned a strike at Port Stephenhaven using IED at evening.,benign
Sonia Olsen and Tina Smith conducted a drill with drone near Thomasstad around 07:45.,critical
Military sources say Sally Young planned a strike at East Ryanview using drone at 03:00.,suspicious
Authorities in Knightville detained Kelsey Munoz with explosives resembling AK-47 at evening.,suspicious
Meghan Reid and Chad Arroyo conducted a drill with grenade near West James around midnight.,suspicious
Security forces responded to a threat involving drone in Laurietown led by Kim Hunt at 13:30.,suspicious
Security forces responded to a threat involving grenade in South Bruceport led by Christine Lopez at 20:15.,benign
Emma Brown confirmed a suspicious package was found near Lake Brendaland around 07:45.,suspicious
A joint operation led by Brian Young uncovered hidden AK-47 caches in Hodgehaven.,benign
Misty Johnson confirmed a suspicious package was found near Adamsmouth around 03:00.,suspicious
Authorities in Davidborough detained Claudia Thompson with explosives resembling sniper rifle at 20:15.,suspicious
A joint operation led by Kayla Jackson uncovered hidden drone caches in South Anna.,suspicious
"At 20:15, Todd Case met with Casey Pugh in East Angela to discuss RPG.",suspicious
Military sources say Sarah Mcdonald planned a strike at Alyssamouth using drone at 13:30.,benign
Multiple drones carrying drone spotted near Stanleybury just after 07:45.,benign
John Wheeler warned of an impending attack in North Shirleyfort using IED at 03:00.,suspicious
Authorities in Smithchester detained David Gonzalez with explosives resembling grenade at 20:15.,critical
Security forces responded to a threat involving AK-47 in Ericaland led by John Price at 03:00.,suspicious
Security forces responded to a threat involving chemical gas in Warrenton led by Nicole Clarke at 07:45.,critical
Allison Reyes and Brandon Williams conducted a drill with drone near Andersonville around evening.,suspicious
A joint operation led by Monica Velasquez uncovered hidden IED caches in Sonyaborough.,suspicious
Security forces responded to a threat involving RPG in Kaylaville led by Michelle Patel at evening.,critical
Bridget Kennedy confirmed a suspicious package was found near East Travisland around dawn.,suspicious
A joint operation led by Debra Hernandez uncovered hidden AK-47 caches in Brandonbury.,benign
dawn: Surveillance detected Reginald Cruz transporting sniper rifle through North Tannerstad.,critical
20:15: Surveillance detected Joseph Jones transporting RPG through Kerrshire.,critical
Military sources say Steven Hamilton planned a strike at New Jonathanville using IED at 20:15.,suspicious
Timothy Gordon and Stephanie Hunter conducted a drill with grenade near New Barbaramouth around midnight.,suspicious
Military sources say James Quinn planned a strike at North Lisaside using RPG at evening.,suspicious
Multiple drones carrying drone spotted near Matthewberg just after midnight.,critical
Multiple drones carrying AK-47 spotted near West Audrey just after 20:15.,suspicious
Multiple drones carrying grenade spotted near Hilltown just after 03:00.,suspicious
Multiple drones carrying IED spotted near Stevenberg just after evening.,benign
Jonathan Garcia warned of an impending attack in Khanview using grenade at midnight.,benign
Laura Murphy warned of an impending attack in Brendaberg using grenade at 03:00.,suspicious
"At 20:15, Amanda Lyons met with Rodney Collins DVM in West Brandonberg to discuss chemical gas.",suspicious
Collin Ho and Mark Carpenter conducted a drill with IED near Port Christopher around 07:45.,suspicious
Authorities in Port April detained Richard Boyd with explosives resembling sniper rifle at dawn.,benign
Gary Holmes confirmed a suspicious package was found near Lynnstad around 13:30.,suspicious
Military sources say Charlene Carlson planned a strike at Weberhaven using IED at evening.,benign
Authorities in Johnnyhaven detained Savannah Taylor with explosives resembling sniper rifle at 20:15.,suspicious
A joint operation led by Jaclyn Franklin uncovered hidden IED caches in West Brandyland.,critical
Security forces responded to a threat involving sniper rifle in Blairfurt led by Michael Hull at 07:45.,benign
Multiple drones carrying RPG spotted near Smallmouth just after 03:00.,suspicious
Authorities in Deniseside detained Stephanie Henderson with explosives resembling RPG at 07:45.,benign
07:45: Surveillance detected Douglas Gray transporting IED through Savannahfurt.,suspicious
Jillian Perez warned of an impending attack in North Ariel using AK-47 at 07:45.,benign
A joint operation led by Joanne Gibson uncovered hidden sniper rifle caches in New Timothy.,suspicious
07:45: Surveillance detected Ashley Hodge transporting RPG through New Rodneyshire.,suspicious
Daniel Lopez confirmed a suspicious package was found near Stevenstad around 13:30.,benign
Authorities in North Lisafort detained Lori Richardson with explosives resembling AK-47 at 20:15.,suspicious
Nicholas Lopez warned of an impending attack in East Wandaton using AK-47 at 07:45.,benign
evening: Surveillance detected Christina Lee transporting RPG through South Joseview.,benign
Kelsey Clay MD warned of an impending attack in Scottland using sniper rifle at dawn.,critical
Larry Miller confirmed a suspicious package was found near Caseyside around dawn.,suspicious
Albert Moore warned of an impending attack in Bradfordbury using chemical gas at 20:15.,critical
A joint operation led by Edward Jones uncovered hidden sniper rifle caches in Coryville.,benign
"At dawn, Erin Sims met with Ashley Johnson in Williamsberg to discuss sniper rifle.",critical
Melissa Simpson confirmed a suspicious package was found near East Kayla around 03:00.,benign
evening: Surveillance detected Courtney Anderson transporting sniper rifle through Levinehaven.,benign
Authorities in Hurstview detained Christopher Freeman with explosives resembling AK-47 at evening.,critical
A joint operation led by Johnathan Mcclure uncovered hidden grenade caches in New Madison.,suspicious
Authorities in West Christophermouth detained Cory Dorsey with explosives resembling sniper rifle at 03:00.,suspicious
Andrew Brown and Rebecca Garcia conducted a drill with sniper rifle near Lake Paul around 07:45.,suspicious
Paige Howard confirmed a suspicious package was found near Chapmanfort around evening.,critical
Angela Kim confirmed a suspicious package was found near Lake Emilyfurt around 13:30.,suspicious
"At 07:45, Susan Carter met with Emily Graham in South Theresa to discuss IED.",benign
A joint operation led by Joshua Malone uncovered hidden IED caches in Franklinmouth.,suspicious
Military sources say Anthony Jordan planned a strike at Daniellebury using IED at 13:30.,benign
Dennis Martin and Craig Vincent conducted a drill with grenade near Samuelport around dawn.,suspicious
"At dawn, Zoe Gates met with Shelby Gonzalez in Michelleview to discuss chemical gas.",critical
A joint operation led by Sandra Armstrong uncovered hidden AK-47 caches in Jacobfort.,suspicious
"At 03:00, Tyler Parker met with Nicolas Kim in Stoneberg to discuss IED.",suspicious
Multiple drones carrying AK-47 spotted near Bradfordberg just after 13:30.,suspicious
Security forces responded to a threat involving AK-47 in Christopherhaven led by Megan Campos at evening.,benign
"At dawn, Kimberly Gonzales met with Daniel Valdez in Christopherchester to discuss IED.",suspicious
Military sources say Peter Thompson planned a strike at South Travisview using chemical gas at 20:15.,benign
Teresa Pope warned of an impending attack in Port Raymondville using IED at dawn.,critical
A joint operation led by Charles White uncovered hidden drone caches in South Abigailtown.,suspicious
Multiple drones carrying chemical gas spotted near Lake Amberfurt just after 07:45.,critical
Multiple drones carrying AK-47 spotted near Port Tonyafort just after midnight.,critical
Caitlyn Frye confirmed a suspicious package was found near East Susan around 20:15.,suspicious
07:45: Surveillance detected Carol Flores transporting grenade through Lake Timothy.,benign
A joint operation led by Nicole Medina uncovered hidden chemical gas caches in Port Julia.,suspicious
A joint operation led by Adam Frey uncovered hidden AK-47 caches in Jasonton.,suspicious
Christopher Meyers confirmed a suspicious package was found near Chandlerbury around 20:15.,critical
Deborah Jones warned of an impending attack in Carterbury using drone at 03:00.,suspicious
dawn: Surveillance detected Timothy Singh transporting RPG through Cannonton.,suspicious
Military sources say Andrew Gomez planned a strike at New Jasonhaven using RPG at 07:45.,suspicious
Military sources say Amanda Daniel planned a strike at Franklinside using drone at 13:30.,suspicious
Alexis Cardenas and Stephanie Williams conducted a drill with AK-47 near North Matthewville around 03:00.,critical
Military sources say Jody Lambert planned a strike at Lake Laura using RPG at midnight.,suspicious
Michelle Ramirez confirmed a suspicious package was found near Cruzborough around dawn.,suspicious
Kristie Coleman and John Wu conducted a drill with RPG near South Tracybury around midnight.,suspicious
Kathryn Garcia and Derrick Moore conducted a drill with sniper rifle near Herrerachester around midnight.,suspicious
Multiple drones carrying drone spotted near Douglasmouth just after 13:30.,suspicious
Mark Johnson confirmed a suspicious package was found near South Alexshire around 13:30.,benign
Authorities in Port Amandaton detained Jay James with explosives resembling chemical gas at evening.,suspicious
Daniel Hanna and Jacqueline Riley conducted a drill with AK-47 near Lake Jenniferborough around midnight.,benign
Multiple drones carrying grenade spotted near Jorgeland just after dawn.,benign
Dylan Jimenez confirmed a suspicious package was found near Kellystad around midnight.,suspicious
20:15: Surveillance detected Eric Thornton transporting grenade through New Kelly.,suspicious
"At evening, Robert Ruiz met with Kevin Williams in New Brandonport to discuss RPG.",benign
Authorities in North Tiffanyton detained Jacob Fuller with explosives resembling drone at 20:15.,benign
Authorities in New Susanchester detained Patricia Gardner with explosives resembling chemical gas at evening.,suspicious
Authorities in Charlesside detained Joe Juarez III with explosives resembling drone at 20:15.,benign
Catherine Jackson warned of an impending attack in New Holly using AK-47 at evening.,suspicious
Security forces responded to a threat involving drone in West Veronicafort led by Lance Wyatt at dawn.,suspicious
Ashley Reed warned of an impending attack in West Dennisberg using chemical gas at 20:15.,critical
20:15: Surveillance detected Patricia Montoya transporting RPG through Meyersstad.,benign
A joint operation led by Jordan Tran uncovered hidden drone caches in East Andreafort.,suspicious
Military sources say Megan Blevins planned a strike at Cordovashire using chemical gas at 13:30.,suspicious
Amanda Mcdonald warned of an impending attack in Port Maria using AK-47 at 07:45.,critical
Rebecca Rodriguez confirmed a suspicious package was found near East Scott around 13:30.,benign
Vanessa Ross warned of an impending attack in Jensenview using AK-47 at midnight.,suspicious
Stephanie Matthews warned of an impending attack in North Chelsea using sniper rifle at dawn.,critical
Michael Barnes confirmed a suspicious package was found near Myersfurt around 07:45.,critical
Multiple drones carrying AK-47 spotted near West Jenniferfurt just after 20:15.,benign
Chase Green and Brian Robertson conducted a drill with grenade near Wellschester around midnight.,critical
Military sources say Michael Jones planned a strike at Lake Lisachester using drone at 07:45.,critical
Authorities in Cooperchester detained Scott Guzman with explosives resembling sniper rifle at 07:45.,critical
evening: Surveillance detected Joshua Kramer transporting sniper rifle through North Jennifer.,critical
Military sources say Lee Aguirre planned a strike at Thomasmouth using sniper rifle at dawn.,critical
Military sources say Lee Riley planned a strike at Jenniferborough using RPG at evening.,suspicious
Multiple drones carrying grenade spotted near North Lisaborough just after midnight.,benign
Haley Montes and Jerome Powell conducted a drill with RPG near East Jessica around 07:45.,benign
13:30: Surveillance detected Steven Frye transporting chemical gas through North Kenneth.,critical
Security forces responded to a threat involving chemical gas in North Paulmouth led by Jared Johnson at 03:00.,suspicious
Multiple drones carrying chemical gas spotted near East Veronica just after evening.,suspicious
"At 20:15, Michael Williams met with James Allen in East Cassandraview to discuss IED.",benign
Authorities in Brianside detained Jennifer Hughes DVM with explosives resembling chemical gas at 03:00.,benign
"At 07:45, Susan Ferguson met with Christian Hebert in Jenniferview to discuss RPG.",benign
Authorities in Bentleyborough detained Amanda Hanson with explosives resembling sniper rifle at dawn.,critical
Andrea Huff warned of an impending attack in New Diana using AK-47 at 13:30.,critical
Security forces responded to a threat involving RPG in New Rickyville led by Curtis Rangel at midnight.,benign
"At 07:45, Martin Reese met with Michael Lewis in Orozcostad to discuss IED.",benign
Angela Bernard warned of an impending attack in Port Davidberg using drone at 20:15.,critical
Military sources say Andrea Munoz planned a strike at North Jacobmouth using RPG at 07:45.,suspicious
Jennifer Rivera confirmed a suspicious package was found near Mistyborough around 03:00.,suspicious
"At 13:30, Sara Forbes met with Kyle Martinez in New Blake to discuss IED.",benign
Security forces responded to a threat involving drone in North Diamond led by Robert Snow at 13:30.,critical
Military sources say David Fox planned a strike at South Laura using chemical gas at 13:30.,suspicious
Security forces responded to a threat involving IED in Lake Angelborough led by Denise Berry at 13:30.,suspicious
Authorities in Port Johnfort detained Wesley Richardson with explosives resembling RPG at midnight.,critical
Authorities in Tinafurt detained Kayla Johnson with explosives resembling RPG at dawn.,critical
A joint operation led by Christina Ortiz uncovered hidden sniper rifle caches in Port Deniseton.,benign
Military sources say Joseph Morgan planned a strike at South David using chemical gas at 13:30.,suspicious
Authorities in Vanessaville detained Nicole Hughes with explosives resembling sniper rifle at midnight.,benign
Authorities in New Amanda detained Alex Hamilton with explosives resembling IED at midnight.,critical
"At 20:15, Michael Shea met with Isaac Smith in Lake Williamborough to discuss RPG.",benign
Authorities in East Mikayla detained Marco Wilson with explosives resembling RPG at 07:45.,benign
Multiple drones carrying drone spotted near Benitezmouth just after 03:00.,suspicious
midnight: Surveillance detected Ian Haynes transporting IED through Hughesport.,benign
Military sources say Dana Walker planned a strike at Scottmouth using grenade at 07:45.,critical
Matthew Harris and Michele Mendoza conducted a drill with grenade near East Steventon around midnight.,benign
"At 03:00, Sara Jackson met with Richard Delgado in South Veronica to discuss grenade.",benign
"At 07:45, Nicholas Spears met with Ashley Martin in Halemouth to discuss IED.",critical
"At 07:45, Amanda Rodriguez met with Robert Johnson in Kochland to discuss IED.",critical
Melanie Holmes confirmed a suspicious package was found near Tracyburgh around evening.,critical
Multiple drones carrying grenade spotted near North Jeremiah just after midnight.,benign
Michael Bailey and Nicholas Webb conducted a drill with drone near South Emmaburgh around evening.,benign
Security forces responded to a threat involving sniper rifle in Port Jameschester led by Chad Owen at midnight.,suspicious
Jonathan Johnson confirmed a suspicious package was found near North Seanside around 07:45.,benign
"At midnight, Carmen Parrish met with Emily Ali in Port Edwardview to discuss drone.",benign
Military sources say Chris Young planned a strike at West Travis using chemical gas at midnight.,suspicious
Authorities in South Jimmy detained James Russell with explosives resembling AK-47 at dawn.,suspicious
Multiple drones carrying sniper rifle spotted near Port Erikstad just after 13:30.,critical
Security forces responded to a threat involving AK-47 in New Samuel led by Darlene Carter at evening.,critical
Scott Murray confirmed a suspicious package was found near Robertsshire around evening.,suspicious
Authorities in North Johnborough detained James Khan with explosives resembling AK-47 at evening.,suspicious
Julie Montoya warned of an impending attack in Richardhaven using AK-47 at 20:15.,critical
Security forces responded to a threat involving sniper rifle in Daltonburgh led by Jonathan Brewer at 13:30.,benign
Lisa Dominguez warned of an impending attack in East Melissaland using IED at 07:45.,critical
Brian Landry confirmed a suspicious package was found near Garyland around evening.,benign
Bradley Holt and Bryan Wolfe conducted a drill with grenade near West Michaelbury around dawn.,benign
"At 13:30, Michael Howard met with Theresa Rodriguez in South Zachary to discuss IED.",suspicious
Security forces responded to a threat involving chemical gas in East Robert led by Jennifer Keller at 13:30.,critical
"At midnight, Melissa Kelly met with Ryan Williams in Stevenhaven to discuss sniper rifle.",benign
Authorities in Lake Stephanie detained Robert Hutchinson with explosives resembling sniper rifle at dawn.,suspicious
midnight: Surveillance detected Shawn Cortez transporting AK-47 through Loveton.,critical
Military sources say Nicole Drake planned a strike at Jamesborough using grenade at midnight.,critical
07:45: Surveillance detected Nathan Lester transporting chemical gas through Lake Miguel.,critical
Authorities in Gonzalezton detained Erin Ruiz with explosives resembling sniper rifle at 20:15.,critical
A joint operation led by David Ortiz uncovered hidden AK-47 caches in South Scottton.,benign
Jenna Carlson warned of an impending attack in Bauerfurt using sniper rifle at evening.,benign
Military sources say Ethan Palmer planned a strike at East Gregoryhaven using sniper rifle at 13:30.,critical
Multiple drones carrying AK-47 spotted near Adamfurt just after evening.,benign
Security forces responded to a threat involving grenade in North Melissa led by Heather Compton at midnight.,suspicious
evening: Surveillance detected Amanda Harris transporting IED through Williamburgh.,suspicious
Military sources say Maria Bennett planned a strike at Torresfurt using AK-47 at midnight.,critical
Authorities in Brettmouth detained Angela Bautista with explosives resembling AK-47 at 20:15.,benign
Security forces responded to a threat involving RPG in Port Sean led by Cody Torres at evening.,benign
Bethany Underwood and Tammy Singh conducted a drill with grenade near Leeport around 13:30.,benign
Melody Jones and Arthur Duke conducted a drill with chemical gas near East Joseph around 07:45.,critical
"At 20:15, Christopher Clark met with Lisa Baker in Schwartztown to discuss chemical gas.",benign
evening: Surveillance detected James Murphy transporting chemical gas through Port Christineport.,critical
Sandra Hernandez and Mary Mosley conducted a drill with chemical gas near Port Nancychester around 13:30.,benign
Security forces responded to a threat involving sniper rifle in Rodriguezburgh led by Kathleen Garcia at evening.,critical
A joint operation led by Levi Hicks uncovered hidden IED caches in Kimberlyberg.,benign
Jason Sanchez confirmed a suspicious package was found near West Nicole around 07:45.,critical
Mark Greene warned of an impending attack in Amymouth using IED at 20:15.,critical
Security forces responded to a threat involving drone in Matthewview led by Heather Roberts at evening.,suspicious
Multiple drones carrying grenade spotted near East Seanfurt just after 07:45.,suspicious
Adrienne Morris confirmed a suspicious package was found near North Brandon around dawn.,suspicious
A joint operation led by Tiffany Allen uncovered hidden sniper rifle caches in Lake Sandy.,suspicious
Andrew Ware confirmed a suspicious package was found near Lake Jonathan around 03:00.,benign
Authorities in New Kelsey detained Regina Fry with explosives resembling IED at dawn.,benign
"At 20:15, Jessica Taylor met with Michael Byrd in Bennettland to discuss sniper rifle.",benign
Jessica Jacobs and Katie Singh conducted a drill with sniper rifle near Pedroshire around dawn.,critical
Multiple drones carrying RPG spotted near West Jamesberg just after 07:45.,critical
Monique Adams warned of an impending attack in Port Peterchester using chemical gas at 07:45.,suspicious
Multiple drones carrying AK-47 spotted near Ramirezmouth just after midnight.,suspicious
"At 13:30, Jennifer Holt met with Tami Rodriguez DDS in Rogersshire to discuss RPG.",suspicious
Military sources say Alex Valentine planned a strike at Sawyerborough using IED at midnight.,suspicious
John Lane confirmed a suspicious package was found near Port Annette around 03:00.,benign
Multiple drones carrying RPG spotted near South Shawn just after 03:00.,suspicious
Military sources say James Chung planned a strike at New Karenside using RPG at 03:00.,benign
Roberto Adkins warned of an impending attack in North Edwinville using sniper rifle at 07:45.,benign
Military sources say Dr. Nathaniel Brewer planned a strike at Acevedoshire using grenade at 13:30.,benign
03:00: Surveillance detected Michele Miller transporting RPG through Harrisfurt.,benign
"At dawn, John Jenkins met with Adam Anderson in South Emilyton to discuss drone.",suspicious
Multiple drones carrying IED spotted near South Waynestad just after 03:00.,critical
Authorities in West Dominique detained Cory Cameron with explosives resembling chemical gas at 20:15.,critical
Multiple drones carrying IED spotted near Jodichester just after dawn.,suspicious
Leah Russo confirmed a suspicious package was found near Port Jeremystad around 20:15.,critical
Security forces responded to a threat involving IED in Nashhaven led by Margaret Vang at midnight.,critical
A joint operation led by Alexis Ellis uncovered hidden RPG caches in South Eric.,benign
Devin Smith and Michael Parker conducted a drill with IED near North Frederick around 03:00.,suspicious
"At 03:00, Nicholas Banks met with Christopher Valencia in Port Richard to discuss IED.",suspicious
A joint operation led by Jay Brown uncovered hidden chemical gas caches in North Shane.,benign
Multiple drones carrying chemical gas spotted near Patriciaport just after 20:15.,suspicious
dawn: Surveillance detected Anthony Miller transporting grenade through Lake April.,critical
Kevin Graham warned of an impending attack in East Christinaport using grenade at dawn.,suspicious
Multiple drones carrying IED spotted near Port Robert just after evening.,benign
Craig Ruiz warned of an impending attack in Johnton using IED at 07:45.,benign
Military sources say Lisa Herrera planned a strike at Romerostad using RPG at 07:45.,critical
Authorities in Watsonberg detained Carrie Smith with explosives resembling drone at 07:45.,benign
Glen Bradley confirmed a suspicious package was found near North Jacob around 13:30.,suspicious
Authorities in Port William detained Dominique Price with explosives resembling IED at 03:00.,benign
Multiple drones carrying IED spotted near Nicholsland just after dawn.,benign
"At 13:30, Kimberly Collins met with Craig Martinez in South Stephen to discuss chemical gas.",suspicious
"At dawn, Crystal Schmidt met with Stephen Walker in Martinton to discuss chemical gas.",critical
evening: Surveillance detected Mr. Marcus Conner Jr. transporting IED through Macdonaldberg.,benign
Mr. Seth Cunningham DVM warned of an impending attack in Brianburgh using drone at dawn.,critical
Tyrone Ochoa confirmed a suspicious package was found near Susanville around evening.,benign
A joint operation led by Kayla Santana uncovered hidden IED caches in South Christina.,critical
Security forces responded to a threat involving chemical gas in Amyberg led by Sherry Richards at 03:00.,critical
Jacqueline Wilson and Adriana Thomas conducted a drill with RPG near Rossbury around dawn.,critical
Military sources say Cindy Smith planned a strike at East Erikside using AK-47 at 13:30.,suspicious
Multiple drones carrying AK-47 spotted near New Sandra just after 13:30.,suspicious
Military sources say Seth Long planned a strike at Davenportfurt using chemical gas at midnight.,suspicious
Authorities in Port Frederickmouth detained Chelsey Smith with explosives resembling RPG at 20:15.,critical
Patricia Green confirmed a suspicious package was found near Lake Stephaniebury around midnight.,benign
Christopher Stephenson warned of an impending attack in Mcgeeview using sniper rifle at 07:45.,benign
Multiple drones carrying grenade spotted near North Abigail just after 03:00.,critical
A joint operation led by Tiffany Martin uncovered hidden drone caches in South Kimberly.,benign
"At 07:45, April York met with Kevin Mccoy in Pooleborough to discuss grenade.",suspicious
Katie Garner and Mary Edwards conducted a drill with drone near Millerland around 07:45.,benign
Military sources say Jonathan Allen planned a strike at Jordanburgh using RPG at 07:45.,benign
Authorities in North Katiemouth detained Karen Velazquez with explosives resembling RPG at 07:45.,benign
Natalie Sawyer and Joshua Daniel conducted a drill with grenade near Port Heidihaven around 20:15.,suspicious
03:00: Surveillance detected Jill Rogers transporting AK-47 through South Jason.,critical
Deborah Thomas confirmed a suspicious package was found near Robertsonfurt around midnight.,benign
A joint operation led by Kelly Marshall DDS uncovered hidden grenade caches in Lake Williamburgh.,critical
Authorities in Manuelview detained Kristina Smith with explosives resembling sniper rifle at 07:45.,suspicious
Military sources say Mariah George planned a strike at East Bailey using grenade at evening.,suspicious
Daniel Campos confirmed a suspicious package was found near New Michelleville around midnight.,critical
Amanda Henderson confirmed a suspicious package was found near Jenkinsmouth around 20:15.,benign
Security forces responded to a threat involving grenade in New Lauren led by Roger Casey at midnight.,benign
Jason Carpenter warned of an impending attack in Michaelshire using sniper rifle at midnight.,suspicious
evening: Surveillance detected Joann Palmer transporting AK-47 through Richardbury.,critical
dawn: Surveillance detected Marcus Wallace transporting sniper rifle through New Heather.,suspicious
Security forces responded to a threat involving AK-47 in Claytonland led by Tricia Bell at dawn.,benign
Multiple drones carrying chemical gas spotted near Perkinsland just after dawn.,critical
Frederick Schmidt and Taylor Allen conducted a drill with grenade near Lake Danachester around dawn.,benign
Multiple drones carrying AK-47 spotted near North Daleview just after 07:45.,critical
Maria Sanchez warned of an impending attack in Steventon using AK-47 at 07:45.,suspicious
Paul May warned of an impending attack in Nancyfort using IED at evening.,critical
Security forces responded to a threat involving AK-47 in Normanland led by Cheryl Davila at evening.,benign
Multiple drones carrying drone spotted near Joneschester just after 20:15.,benign
Thomas Rodriguez and Jonathan Marshall conducted a drill with RPG near Laurenland around evening.,benign
Security forces responded to a threat involving drone in Lake Victorfort led by William Martinez at dawn.,benign
Security forces responded to a threat involving grenade in North Katelyn led by Hailey Daniels at 03:00.,suspicious
Multiple drones carrying IED spotted near Amyton just after midnight.,suspicious
07:45: Surveillance detected Katherine Stevens transporting drone through Nguyenfort.,critical
Authorities in South Donald detained Alexander Rodriguez with explosives resembling IED at 07:45.,critical
A joint operation led by Barbara Green uncovered hidden chemical gas caches in Melissaport.,benign
A joint operation led by Spencer Torres uncovered hidden RPG caches in South Daniel.,critical
Authorities in Newtonchester detained Kara Burns with explosives resembling sniper rifle at 13:30.,critical
Timothy Porter warned of an impending attack in Richardshire using IED at 07:45.,critical
Multiple drones carrying IED spotted near Ramirezchester just after midnight.,critical
A joint operation led by David Sanders uncovered hidden drone caches in Trevinomouth.,suspicious
Security forces responded to a threat involving IED in South Margaretview led by Sherry Evans at 07:45.,suspicious
Authorities in North Howard detained James Curtis with explosives resembling chemical gas at midnight.,suspicious
Multiple drones carrying grenade spotted near East Lisa just after 07:45.,suspicious
Bryce Payne warned of an impending attack in West William using grenade at 13:30.,benign
Keith Rice and Daniel Bradshaw conducted a drill with chemical gas near Matthewfurt around 03:00.,critical
Military sources say Sarah James planned a strike at Christinabury using chemical gas at 20:15.,suspicious
Multiple drones carrying drone spotted near New Brianfurt just after 13:30.,suspicious
Authorities in West Mistytown detained Ronald Watson with explosives resembling drone at 03:00.,critical
Security forces responded to a threat involving chemical gas in South Christian led by Lindsey Velasquez at dawn.,critical
A joint operation led by Michael Garcia uncovered hidden grenade caches in Butlerland.,suspicious
Multiple drones carrying IED spotted near Hallmouth just after 03:00.,critical
"At midnight, Diana Mason met with Nicole Park in New Justin to discuss AK-47.",critical
Anna Ramos confirmed a suspicious package was found near Taylorbury around dawn.,suspicious
Military sources say Christopher Edwards planned a strike at Hodgesside using grenade at 13:30.,benign
03:00: Surveillance detected Michael Aguirre transporting grenade through Warrenview.,critical
Ashley Hopkins warned of an impending attack in Rodneyborough using IED at 20:15.,critical
Security forces responded to a threat involving RPG in West Victoria led by Lori Nguyen at 20:15.,critical
Multiple drones carrying RPG spotted near Lauraberg just after 03:00.,critical
Multiple drones carrying sniper rifle spotted near Brandonmouth just after 03:00.,critical
Cindy Wells warned of an impending attack in Markport using AK-47 at 03:00.,suspicious
Daniel Carlson confirmed a suspicious package was found near Michaelfort around midnight.,benign
20:15: Surveillance detected Ryan Hoffman transporting sniper rifle through West Travisview.,benign
Crystal Russell confirmed a suspicious package was found near Matthewton around 13:30.,critical
Multiple drones carrying sniper rifle spotted near Lake Christian just after 20:15.,critical
Authorities in New Rickey detained Hunter Long with explosives resembling IED at 13:30.,suspicious
A joint operation led by David Jackson Jr. uncovered hidden IED caches in Port Matthew.,critical
Michael Hancock and Jessica Flores MD conducted a drill with AK-47 near West Charles around 20:15.,benign
Security forces responded to a threat involving sniper rifle in Washingtonbury led by Crystal Lang at dawn.,benign
Multiple drones carrying sniper rifle spotted near North Billton just after 13:30.,critical
Authorities in West Jermaineland detained Monique Clay with explosives resembling sniper rifle at dawn.,critical
Patrick Abbott warned of an impending attack in West Christopher using IED at midnight.,benign
Mr. Joshua King confirmed a suspicious package was found near East Katherine around dawn.,suspicious
Daniel Hartman and Aaron Pollard conducted a drill with IED near Andreafurt around 13:30.,critical
Military sources say Brendan Meza planned a strike at Shawnland using IED at dawn.,critical
"At 07:45, Taylor Rivera met with Mr. Kyle Williams in East Scott to discuss grenade.",critical
"At 20:15, Rhonda Cole met with Jessica Johnson in Taylormouth to discuss IED.",critical
Multiple drones carrying sniper rifle spotted near Carrville just after 13:30.,critical
Larry Dunn confirmed a suspicious package was found near West Markside around evening.,suspicious
Military sources say Denise Cabrera planned a strike at Omarburgh using chemical gas at evening.,suspicious
Michael Avery warned of an impending attack in Whiteburgh using AK-47 at evening.,suspicious
Military sources say Robert Spencer planned a strike at Kennethburgh using drone at 03:00.,critical
"At 07:45, Kelly Robles met with Cory Brown in North Anthonyfurt to discuss sniper rifle.",benign
dawn: Surveillance detected Carlos Mann transporting RPG through New Kelsey.,suspicious
dawn: Surveillance detected Jose Silva transporting grenade through Olsonshire.,suspicious
"At dawn, Michael Salinas met with Willie Spencer in Cooperton to discuss chemical gas.",critical
Authorities in Vanessafort detained Tracy Morris with explosives resembling chemical gas at evening.,suspicious
13:30: Surveillance detected Karen Mills transporting sniper rifle through Susanstad.,benign
"At 20:15, Erin Evans met with Jack Wolf MD in Grantborough to discuss IED.",suspicious
Allen May confirmed a suspicious package was found near Port Thomasport around evening.,benign
Christopher Smith confirmed a suspicious package was found near Danielmouth around 07:45.,critical
A joint operation led by Aaron Brown uncovered hidden RPG caches in North Keith.,suspicious
A joint operation led by Michele Nolan uncovered hidden AK-47 caches in Campbellchester.,suspicious
Terry Soto and Kara Pennington conducted a drill with AK-47 near East Parker around 13:30.,critical
"At 07:45, Charles Brown met with Clinton Morris in Wardtown to discuss sniper rifle.",benign
Mr. David Davis confirmed a suspicious package was found near West Edwardton around evening.,suspicious
Diane Wright warned of an impending attack in Woodschester using RPG at dawn.,critical
Authorities in Salazarhaven detained Caitlin Moses with explosives resembling RPG at 20:15.,suspicious
Ellen Mccarty confirmed a suspicious package was found near Mikaylaton around 03:00.,critical
"At 03:00, Jose Edwards met with Garrett Delgado in South Janice to discuss chemical gas.",critical
Ms. Mallory Thornton warned of an impending attack in East Brandonhaven using IED at midnight.,suspicious
Multiple drones carrying AK-47 spotted near East Philipview just after 20:15.,critical
Authorities in Jamesview detained Sierra Johnston with explosives resembling AK-47 at 03:00.,critical
Military sources say Courtney Farley planned a strike at South Karla using chemical gas at 07:45.,suspicious
Melissa Bullock warned of an impending attack in Lake Samanthafort using sniper rifle at 03:00.,suspicious
Military sources say Rebecca Walters planned a strike at Robinfurt using chemical gas at 03:00.,benign
Authorities in Reedtown detained Nancy Sullivan with explosives resembling drone at 13:30.,critical
Security forces responded to a threat involving RPG in East John led by Renee Burgess at 20:15.,suspicious
Philip Bond confirmed a suspicious package was found near North Andrewport around 07:45.,benign
Security forces responded to a threat involving IED in South Kyleshire led by Colleen Brown at 07:45.,benign
Multiple drones carrying grenade spotted near East Jacobchester just after 07:45.,suspicious
Multiple drones carrying sniper rifle spotted near Dianeton just after midnight.,benign
Security forces responded to a threat involving AK-47 in Wendymouth led by Brooke Bradshaw at midnight.,suspicious
Brian Hughes confirmed a suspicious package was found near North Stanley around evening.,benign
"At 07:45, Terry Prince met with Ashley Galloway in Sydneyburgh to discuss sniper rifle.",suspicious
Kathryn Rios confirmed a suspicious package was found near West Brian around evening.,critical
"At dawn, Jaime Mack met with Brittney Hughes in Lake Davidport to discuss IED.",suspicious
Maxwell Rosario warned of an impending attack in Robertberg using drone at dawn.,critical
Multiple drones carrying AK-47 spotted near Middletonmouth just after 03:00.,benign
Military sources say Angel Nolan planned a strike at Port Alan using grenade at 13:30.,suspicious
Multiple drones carrying AK-47 spotted near Leblancchester just after 03:00.,critical
Mary Fowler and Yolanda Clark conducted a drill with chemical gas near Chadtown around 20:15.,benign
"At dawn, Dillon Cantu met with Jennifer Lucas in Lake Erik to discuss RPG.",benign
Security forces responded to a threat involving drone in South Richard led by Kevin Wilkins at 03:00.,benign
A joint operation led by Sean Anderson uncovered hidden IED caches in New Kimberlyside.,critical
Multiple drones carrying RPG spotted near East Edwardmouth just after 03:00.,suspicious
Authorities in New Lawrence detained Phillip White with explosives resembling grenade at 07:45.,suspicious
"At dawn, Sharon Murray met with Sandra Graves in Levystad to discuss RPG.",benign
Multiple drones carrying IED spotted near Paulaburgh just after 07:45.,critical
Authorities in Neilville detained Craig Summers with explosives resembling chemical gas at 07:45.,critical
Security forces responded to a threat involving drone in North Laura led by Sandra Mosley at 03:00.,critical
Michael Brown confirmed a suspicious package was found near South Christopherfurt around dawn.,suspicious
Connie Palmer and Brian Martin conducted a drill with chemical gas near North Angela around 20:15.,benign
"At 03:00, Timothy Martinez met with Kelly Blake in Lake James to discuss AK-47.",benign
Tanya Taylor warned of an impending attack in New Melindafurt using RPG at 13:30.,critical
A joint operation led by Sandra Hall uncovered hidden IED caches in North Jillbury.,benign
evening: Surveillance detected Kimberly Tate transporting RPG through New Monicaland.,suspicious
Veronica Rivera and Mrs. Kelly Reyes PhD conducted a drill with sniper rifle near North Angelaville around dawn.,critical
George Schneider warned of an impending attack in Paulshire using grenade at 03:00.,benign
Multiple drones carrying sniper rifle spotted near South Billfort just after 03:00.,critical
midnight: Surveillance detected Kristin Brown transporting IED through Jacksonmouth.,suspicious
Multiple drones carrying grenade spotted near Port Heather just after 13:30.,suspicious
Security forces responded to a threat involving drone in Woodmouth led by Jacqueline Patterson at 13:30.,critical
evening: Surveillance detected Tiffany Rivera transporting sniper rifle through North Crystalchester.,critical
07:45: Surveillance detected Kimberly Wilson transporting IED through Woodmouth.,benign
07:45: Surveillance detected Maria Snow transporting RPG through Jeremyborough.,benign
20:15: Surveillance detected Barbara Smith transporting chemical gas through South Cherylstad.,suspicious
Patrick Garcia warned of an impending attack in Harmonbury using sniper rifle at dawn.,suspicious
Security forces responded to a threat involving sniper rifle in West Eric led by Jesse Ferguson at 20:15.,suspicious
Authorities in North Timothy detained Austin Clark with explosives resembling AK-47 at 13:30.,benign
A joint operation led by Eric Castillo uncovered hidden drone caches in Johnstad.,suspicious
Nicholas Sherman and Douglas Taylor conducted a drill with drone near West Jeremyville around dawn.,suspicious
Military sources say Derrick Ortega planned a strike at Jessicaport using sniper rifle at 03:00.,benign
Christina Nunez and Melody Fox conducted a drill with RPG near Bakerbury around 03:00.,suspicious
"At 20:15, David Myers met with Robert Nelson PhD in Youngberg to discuss AK-47.",benign
Military sources say Veronica Robertson planned a strike at South Johnchester using chemical gas at midnight.,critical
Security forces responded to a threat involving RPG in Port Dale led by Kenneth Torres at midnight.,benign
A joint operation led by Scott Williams uncovered hidden drone caches in New Alexandertown.,suspicious
Michael Perez confirmed a suspicious package was found near East Pennyburgh around 20:15.,critical
07:45: Surveillance detected Carrie Reed transporting RPG through Millershire.,suspicious
Steven Myers warned of an impending attack in Parsonsburgh using drone at evening.,critical
13:30: Surveillance detected John Terry transporting sniper rifle through New Deborahmouth.,suspicious
Multiple drones carrying chemical gas spotted near Susanport just after 03:00.,critical
A joint operation led by Jennifer Johnson uncovered hidden IED caches in North Brian.,suspicious
Authorities in North Gregory detained Tanya Ray with explosives resembling grenade at 03:00.,benign
Authorities in New Lisa detained Michael King with explosives resembling AK-47 at 13:30.,suspicious
"At 07:45, Kevin Brooks met with Michael Taylor in North Mary to discuss AK-47.",critical
Security forces responded to a threat involving sniper rifle in Hendrickstown led by Jennifer Davidson at 07:45.,critical
Bruce Rocha confirmed a suspicious package was found near North Ericfort around dawn.,critical
Trevor Hill and Sarah Maddox conducted a drill with RPG near South Lisamouth around 07:45.,critical
Richard Davis warned of an impending attack in Port Natalieville using RPG at evening.,benign
Security forces responded to a threat involving chemical gas in Barberhaven led by Andrew Lopez PhD at dawn.,suspicious
"At 03:00, Thomas Burns met with Michael Lee in New Patriciaburgh to discuss RPG.",benign
Multiple drones carrying AK-47 spotted near North William just after 20:15.,benign
Theodore Anderson warned of an impending attack in New Travischester using sniper rifle at 20:15.,critical
Security forces responded to a threat involving sniper rifle in Brownmouth led by Tammy Burns at evening.,suspicious
Security forces responded to a threat involving sniper rifle in Kimhaven led by Nicole Carrillo at 13:30.,benign
Authorities in Josephshire detained Crystal Fry with explosives resembling IED at 20:15.,critical
midnight: Surveillance detected Brandy Martinez transporting drone through North Alexandra.,suspicious
A joint operation led by Ashley Bolton uncovered hidden grenade caches in Woodshire.,benign
Security forces responded to a threat involving AK-47 in Lindaview led by Lisa Nelson at 13:30.,suspicious
Authorities in Sallymouth detained Christopher Harrison with explosives resembling RPG at 13:30.,critical
Security forces responded to a threat involving IED in Lake Kathleen led by Heather Mcintyre at evening.,critical
A joint operation led by Latoya Hood uncovered hidden RPG caches in South Perry.,suspicious
Tyler Novak confirmed a suspicious package was found near Cherylstad around 13:30.,suspicious
Authorities in Wellsbury detained John Torres with explosives resembling drone at 20:15.,suspicious
Military sources say Patricia Edwards planned a strike at North Zachary using sniper rifle at 03:00.,benign
dawn: Surveillance detected Jamie Goodwin transporting IED through Reginaport.,suspicious
Multiple drones carrying AK-47 spotted near Reyesbury just after 03:00.,critical
Security forces responded to a threat involving AK-47 in Patelbury led by Kylie Whitehead at 13:30.,critical
midnight: Surveillance detected Edward Kelly transporting RPG through Harveystad.,suspicious
midnight: Surveillance detected Kenneth Griffin transporting sniper rifle through West Brittany.,critical
20:15: Surveillance detected Jeffrey Pierce transporting drone through Port Amanda.,critical
"At dawn, Ashley Barber met with Brooke Obrien in Elizabethchester to discuss sniper rifle.",suspicious
Multiple drones carrying sniper rifle spotted near Michaelville just after midnight.,benign
Multiple drones carrying sniper rifle spotted near Williamsberg just after 20:15.,benign
03:00: Surveillance detected Samantha Gonzales transporting IED through Jeremytown.,critical
Ian Brooks confirmed a suspicious package was found near Melissatown around 13:30.,suspicious
Authorities in Port Brian detained Robin Meadows with explosives resembling IED at 20:15.,suspicious
Jesus Bryan confirmed a suspicious package was found near Oconnellhaven around 20:15.,critical
Katelyn English warned of an impending attack in Sloanshire using sniper rifle at 20:15.,critical
evening: Surveillance detected Kelly Swanson transporting grenade through New Richard.,benign
A joint operation led by Angela Moreno uncovered hidden grenade caches in Stephentown.,critical
Melinda Sanford confirmed a suspicious package was found near Lake Susanport around evening.,benign
Military sources say Michelle Young planned a strike at Thomasfort using grenade at 07:45.,suspicious
Security forces responded to a threat involving sniper rifle in Williamview led by Stephanie Nelson at 13:30.,critical
Nathaniel Wiley confirmed a suspicious package was found near East Steventown around evening.,critical
20:15: Surveillance detected Kimberly Sherman transporting AK-47 through Dawnhaven.,critical
Alex Garcia warned of an impending attack in Port Christineberg using grenade at 13:30.,critical
Stephanie Fitzpatrick warned of an impending attack in Millerburgh using chemical gas at 03:00.,suspicious
"At midnight, Whitney Fowler met with Sharon Johnson in Kristinamouth to discuss grenade.",suspicious
"At 03:00, Carol Bennett met with Margaret Lam in Reynoldsburgh to discuss RPG.",benign
A joint operation led by Melinda Mccann uncovered hidden grenade caches in Rogersport.,suspicious
Authorities in Ryanland detained Rebecca Mercer with explosives resembling grenade at evening.,suspicious
A joint operation led by Kristen Peterson uncovered hidden drone caches in Garyside.,benign
Security forces responded to a threat involving grenade in Port Kathleenfort led by Kendra Guerra at 20:15.,critical
Authorities in Sellersport detained Jordan Smith with explosives resembling RPG at 20:15.,suspicious
Security forces responded to a threat involving chemical gas in Dennisland led by Caroline Baker at 20:15.,suspicious
Security forces responded to a threat involving IED in Oconnorland led by Katie Phillips at dawn.,suspicious
20:15: Surveillance detected Elizabeth Smith transporting grenade through Perezbury.,suspicious
Security forces responded to a threat involving grenade in Williamsfort led by Tina Munoz at evening.,benign
Authorities in North Deborahberg detained Amber Haas with explosives resembling chemical gas at midnight.,suspicious
Multiple drones carrying IED spotted near Lake Elizabethland just after 20:15.,benign
Phillip Stephens warned of an impending attack in Markport using AK-47 at 13:30.,critical
Military sources say Samantha Flores planned a strike at Port Thomasmouth using sniper rifle at 03:00.,suspicious
Multiple drones carrying RPG spotted near Elizabethmouth just after evening.,critical
"At dawn, Joe Lee met with Austin Erickson in Lake Allen to discuss IED.",benign
Multiple drones carrying RPG spotted near West Patricia just after evening.,benign
evening: Surveillance detected David Rosales transporting drone through Rodriguezhaven.,benign
Charles Gonzalez and Gary Barton conducted a drill with RPG near New Jesse around 20:15.,suspicious
Security forces responded to a threat involving sniper rifle in Lindsayville led by Kyle Rhodes at 03:00.,suspicious
Tammy King confirmed a suspicious package was found near Lindsayville around dawn.,benign
Multiple drones carrying drone spotted near Sethton just after 03:00.,suspicious
Richard Craig and Valerie Molina conducted a drill with sniper rifle near Sextonside around 07:45.,suspicious
Security forces responded to a threat involving RPG in South Amy led by Kenneth Brennan at midnight.,benign
"At 07:45, Andrew Mclaughlin met with Kimberly Williams in Michellehaven to discuss RPG.",benign
Karen Jackson warned of an impending attack in Jasmineland using drone at dawn.,suspicious
Military sources say Ronald Long planned a strike at Spenceville using grenade at 13:30.,suspicious
Nicole Richards confirmed a suspicious package was found near East Thomas around 13:30.,suspicious
A joint operation led by Eric Oliver uncovered hidden drone caches in West Miranda.,critical
A joint operation led by Michael Walls uncovered hidden chemical gas caches in Pamelaton.,benign
A joint operation led by Lee Cruz uncovered hidden sniper rifle caches in Cruzberg.,critical
Authorities in Davisborough detained Victor Thompson with explosives resembling RPG at 20:15.,suspicious
A joint operation led by Gregory Garcia Jr. uncovered hidden drone caches in New Nathaniel.,critical
Stephen Fischer confirmed a suspicious package was found near West Rebeccatown around 03:00.,suspicious
Security forces responded to a threat involving drone in Garnerborough led by Amanda Rhodes at evening.,suspicious
Jeffrey Casey and Dr. Rachel Bowen conducted a drill with sniper rifle near Atkinsfort around 13:30.,benign
Multiple drones carrying sniper rifle spotted near Murrayview just after midnight.,suspicious
Security forces responded to a threat involving sniper rifle in South Johnmouth led by Ryan Thompson at 13:30.,critical
Daniel Park confirmed a suspicious package was found near Ramirezfurt around 03:00.,critical
Multiple drones carrying drone spotted near Timothyfort just after midnight.,suspicious
Daniel Long confirmed a suspicious package was found near Westside around 13:30.,critical
Military sources say Michelle Simmons planned a strike at Ronaldland using drone at dawn.,benign
Nicole Zhang confirmed a suspicious package was found near West Mark around 03:00.,critical
Military sources say Patrick Miller planned a strike at New Paul using IED at midnight.,benign
Security forces responded to a threat involving sniper rifle in North Jennifer led by Seth Smith at dawn.,critical
Katie Lowe warned of an impending attack in West Jeffrey using grenade at 03:00.,critical
Military sources say Maria Lopez planned a strike at East Deborahfurt using sniper rifle at 13:30.,benign
Multiple drones carrying sniper rifle spotted near West Scott just after dawn.,suspicious
Security forces responded to a threat involving sniper rifle in Ericaland led by Mrs. Alyssa Fuller PhD at 07:45.,suspicious
"At midnight, Kelly Walker met with Susan King in Wilkinshaven to discuss chemical gas.",suspicious
A joint operation led by Justin Oneal uncovered hidden IED caches in East Veronica.,suspicious
Authorities in Geoffreyfort detained Phillip White with explosives resembling sniper rifle at 20:15.,suspicious
Brian Hall warned of an impending attack in North Davidmouth using RPG at dawn.,critical
Nathan White and Robert Phelps DVM conducted a drill with grenade near Maxwelltown around 13:30.,suspicious
Security forces responded to a threat involving IED in South Pamelahaven led by Kimberly Powell at evening.,suspicious
Security forces responded to a threat involving chemical gas in South Reginaborough led by Amanda Riley at 13:30.,benign
Timothy Hughes confirmed a suspicious package was found near West Cheyenne around midnight.,benign
Brian Fisher and William Hamilton conducted a drill with AK-47 near Raymondborough around 03:00.,critical
dawn: Surveillance detected Jennifer Ortega transporting RPG through East Anthony.,benign
Military sources say Claire Knox planned a strike at South Samuel using drone at 13:30.,benign
Security forces responded to a threat involving grenade in Haroldland led by Katie Williams at 20:15.,critical
Nathan Taylor Jr. confirmed a suspicious package was found near South Dylan around midnight.,benign
Jeffrey Miller warned of an impending attack in Port Mark using RPG at dawn.,suspicious
Security forces responded to a threat involving IED in West Ernest led by Jennifer Mclaughlin at 07:45.,critical
A joint operation led by Erin Garcia uncovered hidden drone caches in West Roberthaven.,critical
A joint operation led by Michael Hinton uncovered hidden chemical gas caches in Mercadoview.,benign
Military sources say Daniel Brooks planned a strike at Simonhaven using RPG at 07:45.,critical
Military sources say Nathan Elliott planned a strike at Sandraberg using AK-47 at 13:30.,critical
Security forces responded to a threat involving RPG in Lake Amanda led by James Hodge at 20:15.,critical
Multiple drones carrying AK-47 spotted near West Evan just after 03:00.,benign
A joint operation led by Melanie Atkinson uncovered hidden sniper rifle caches in South Danielbury.,benign
A joint operation led by Marcus Brown uncovered hidden drone caches in East Laurenborough.,critical
Authorities in Williamsview detained Paul Nguyen with explosives resembling RPG at evening.,suspicious
Security forces responded to a threat involving drone in Reedtown led by Jennifer Alvarado at 20:15.,benign
Alyssa Dunn confirmed a suspicious package was found near Myerschester around 03:00.,suspicious
Tracy Stewart confirmed a suspicious package was found near East Ryanmouth around evening.,suspicious
Amanda Peterson confirmed a suspicious package was found near Josephmouth around evening.,critical
Jessica Jackson confirmed a suspicious package was found near New Cynthiaside around evening.,suspicious
"At evening, Patricia Stewart met with Reginald Oliver in Christiefort to discuss grenade.",benign
Danny Harrison warned of an impending attack in Hortonfort using grenade at midnight.,suspicious
Tracy Jacobson warned of an impending attack in East Teresaburgh using grenade at dawn.,suspicious
evening: Surveillance detected Gary Diaz transporting chemical gas through New Lindsaystad.,suspicious
Phillip Curtis and Lauren Gutierrez conducted a drill with chemical gas near Camposchester around dawn.,critical
20:15: Surveillance detected Savannah Henry transporting RPG through Jamesburgh.,critical
Security forces responded to a threat involving grenade in Greenmouth led by Jason Craig at 07:45.,benign
Military sources say Steven Torres planned a strike at Aaronburgh using AK-47 at dawn.,critical
Multiple drones carrying RPG spotted near North Martin just after evening.,suspicious
"At dawn, Jacob Smith met with Juan Yates in Joseport to discuss sniper rifle.",suspicious
Donald Torres and James Dillon conducted a drill with drone near Ericport around 20:15.,suspicious
"At evening, Jordan Johnson met with Thomas Young in Port Antonio to discuss sniper rifle.",critical
Multiple drones carrying IED spotted near Johnsonshire just after 07:45.,suspicious
A joint operation led by Courtney Young uncovered hidden AK-47 caches in East Joanview.,critical
Devin Hardy confirmed a suspicious package was found near West Stephenborough around 03:00.,benign
Authorities in Mejialand detained Lisa Miller with explosives resembling drone at 07:45.,suspicious
"At dawn, John Salazar met with Jonathan Evans in New Tammy to discuss sniper rifle.",benign
Andrew Snyder and Philip Hobbs conducted a drill with chemical gas near Bethton around midnight.,critical
Kelly Jenkins and Terry Brown conducted a drill with RPG near North Kristinaborough around 20:15.,critical
13:30: Surveillance detected Mary Ponce transporting chemical gas through West Samanthatown.,benign
Security forces responded to a threat involving drone in Georgemouth led by Deborah Rivera at 03:00.,benign
"At dawn, Darren Fitzgerald met with Joshua Eaton in Leslieville to discuss AK-47.",critical
Security forces responded to a threat involving AK-47 in New Deborah led by Peter Kim at 20:15.,critical
Military sources say James Stuart planned a strike at East Abigailstad using RPG at 03:00.,critical
"At 20:15, Mark Ferguson met with Jonathan Galvan in East Shannonview to discuss IED.",suspicious
Security forces responded to a threat involving grenade in Lake Larryport led by Debra Horne at midnight.,benign
Curtis Baker and Vanessa Farrell conducted a drill with sniper rifle near Port Angela around 13:30.,critical
"At 13:30, Patrick Michael met with Melissa Gomez in West Christopher to discuss drone.",critical
Perry Pope confirmed a suspicious package was found near Osbornestad around midnight.,benign
Authorities in Vasquezfort detained Abigail James with explosives resembling AK-47 at midnight.,benign
A joint operation led by Michael Skinner uncovered hidden sniper rifle caches in Mitchellchester.,benign
A joint operation led by Jerry Crawford uncovered hidden sniper rifle caches in Patelborough.,benign
Authorities in Pattonland detained Mrs. Tina Miller with explosives resembling IED at midnight.,critical
Joseph Murray and Michael Adams conducted a drill with chemical gas near North Matthew around 20:15.,suspicious
Darrell Richards confirmed a suspicious package was found near Rogersview around evening.,benign
dawn: Surveillance detected Bruce Marquez transporting RPG through Deborahburgh.,benign
03:00: Surveillance detected Adam Maddox transporting drone through Port Stanleyport.,benign
Regina Hooper warned of an impending attack in South Mary using drone at midnight.,critical
Chris Castillo warned of an impending attack in South Denisechester using RPG at 03:00.,critical
Patricia Velasquez and Mathew Davis conducted a drill with AK-47 near Rachelfurt around 03:00.,critical
Military sources say Michelle Davis planned a strike at Garciaberg using chemical gas at dawn.,critical
Garrett Evans warned of an impending attack in West Angelaborough using drone at 20:15.,benign
Authorities in New Valerie detained William Pratt with explosives resembling grenade at midnight.,critical
Military sources say Kim Anderson planned a strike at Hawkinston using drone at evening.,benign
Authorities in South Philipberg detained David White with explosives resembling chemical gas at 03:00.,suspicious
Security forces responded to a threat involving RPG in North Ronaldhaven led by Ashley Elliott at 07:45.,benign
A joint operation led by Emily Adams uncovered hidden RPG caches in Lake Bethany.,critical
evening: Surveillance detected Diana Potter transporting sniper rifle through Gomezberg.,suspicious
Military sources say Daniel Mason planned a strike at Raymondland using IED at 03:00.,suspicious
Security forces responded to a threat involving drone in West Ana led by Jared Rojas at dawn.,benign
"At evening, Jade Fuller met with Mary Smith in South Leslieville to discuss IED.",suspicious
Thomas Gonzalez warned of an impending attack in Davenportmouth using RPG at evening.,benign
"At 03:00, Vanessa Woodard met with Chelsea Higgins in Sharpport to discuss grenade.",benign
Security forces responded to a threat involving sniper rifle in Justinstad led by Richard Hess at dawn.,critical
Security forces responded to a threat involving grenade in New Sarah led by Mary Bailey at 20:15.,suspicious
Jeffrey Boyd confirmed a suspicious package was found near Clarkchester around 03:00.,suspicious
A joint operation led by Abigail Silva uncovered hidden sniper rifle caches in New Ryan.,critical
Shawn Cruz and Cory Rodriguez conducted a drill with IED near Guerrerochester around 07:45.,benign
A joint operation led by Gary Freeman uncovered hidden grenade caches in Davidhaven.,benign
Security forces responded to a threat involving IED in Lake Brandybury led by Travis Chapman at 13:30.,benign
Samuel Vaughan warned of an impending attack in West Michael using drone at dawn.,benign
Military sources say Michael Hansen planned a strike at North Brandontown using RPG at 03:00.,suspicious
Authorities in Mcdonaldview detained Amanda Frey with explosives resembling RPG at 07:45.,suspicious
Albert Smith confirmed a suspicious package was found near Paulfort around 07:45.,suspicious
Angelica Holland confirmed a suspicious package was found near South Todd around dawn.,suspicious
A joint operation led by John Williams uncovered hidden sniper rifle caches in Lake Jacobhaven.,critical
Mark Lyons and Denise Taylor conducted a drill with drone near West Darlene around 20:15.,benign
20:15: Surveillance detected Christopher Franklin transporting drone through South Jamie.,suspicious
"At 03:00, Crystal James met with Nathan Wilson in Josephchester to discuss RPG.",critical
Multiple drones carrying drone spotted near Courtneymouth just after 20:15.,suspicious
Military sources say Timothy Johnson planned a strike at North Briannaton using chemical gas at 07:45.,suspicious
Security forces responded to a threat involving grenade in New Donald led by Wyatt Graham at 03:00.,benign
Scott Murray and Michael Smith conducted a drill with grenade near South Erin around 20:15.,suspicious
Authorities in East Kyletown detained Scott Sloan with explosives resembling IED at dawn.,suspicious
Multiple drones carrying chemical gas spotted near South Matthew just after 03:00.,critical
A joint operation led by Christopher Fuller uncovered hidden chemical gas caches in Lake Michael.,suspicious
Thomas Cooper and Cody Shields conducted a drill with IED near Esparzaview around 03:00.,suspicious
Multiple drones carrying drone spotted near New Lindsaybury just after 03:00.,benign
Multiple drones carrying AK-47 spotted near North Brenda just after 03:00.,suspicious
Security forces responded to a threat involving sniper rifle in East Brandonview led by Janice Anderson at 07:45.,benign
Authorities in Williamsview detained Robert Reed with explosives resembling sniper rifle at 07:45.,suspicious
William Walker confirmed a suspicious package was found near North Sarahborough around 13:30.,suspicious
Kathy Johnson and Terry King conducted a drill with chemical gas near Lake Elizabeth around evening.,critical
"At midnight, Judith Velazquez met with Christopher Davis in West Martha to discuss grenade.",benign
evening: Surveillance detected Tanya Berry transporting drone through New Monicaview.,suspicious
midnight: Surveillance detected Mitchell Newton transporting sniper rifle through Alyssabury.,benign
Jordan Howell confirmed a suspicious package was found near West John around 07:45.,suspicious
Multiple drones carrying drone spotted near Batesmouth just after midnight.,benign
Robert Thompson and Nathan Taylor conducted a drill with RPG near New Jesseville around dawn.,benign
Dustin Rivera confirmed a suspicious package was found near New William around 20:15.,suspicious
Military sources say Stephen Adams planned a strike at Tyroneberg using drone at dawn.,critical
Kristin Phillips warned of an impending attack in Barneston using AK-47 at 03:00.,benign
13:30: Surveillance detected Andrew Smith transporting drone through West Drewberg.,critical
Security forces responded to a threat involving RPG in Josephville led by Aaron Wise at 03:00.,suspicious
A joint operation led by Jackie Mcintyre uncovered hidden RPG caches in Jasminemouth.,suspicious
midnight: Surveillance detected Gregory Lopez transporting sniper rifle through New Benjaminland.,suspicious
Authorities in Paulaville detained Jordan Kennedy with explosives resembling AK-47 at 20:15.,benign
Authorities in Obrienbury detained Maria Evans with explosives resembling chemical gas at 13:30.,suspicious
Military sources say Alicia Lloyd planned a strike at Ryanport using IED at 20:15.,suspicious
A joint operation led by Karen Roberts uncovered hidden sniper rifle caches in Angelamouth.,critical
Multiple drones carrying chemical gas spotted near Lake Michael just after dawn.,suspicious
A joint operation led by Ashley Camacho uncovered hidden drone caches in West Connie.,critical
03:00: Surveillance detected George Hardin transporting IED through New Alexander.,suspicious
Security forces responded to a threat involving AK-47 in Savageport led by Jonathan Simmons at midnight.,benign
Brenda Payne warned of an impending attack in Millerberg using RPG at 07:45.,suspicious
Debra Schaefer confirmed a suspicious package was found near Sherryberg around 13:30.,critical
Security forces responded to a threat involving sniper rifle in Michaelstad led by Tonya Bennett at 07:45.,suspicious
Multiple drones carrying RPG spotted near East Jonathanfort just after 07:45.,critical
Authorities in Schmittview detained Kristin Valencia with explosives resembling sniper rifle at 03:00.,suspicious
A joint operation led by Courtney White uncovered hidden AK-47 caches in Port Monicafurt.,suspicious
Military sources say Chad Leon planned a strike at Hinesshire using drone at 07:45.,critical
Authorities in New Lisaborough detained Calvin Wilson with explosives resembling chemical gas at evening.,suspicious
A joint operation led by Christian Ortiz uncovered hidden grenade caches in Port Lauren.,benign
Multiple drones carrying RPG spotted near South Robertfort just after evening.,critical
07:45: Surveillance detected Rodney Ramirez transporting IED through Merrittfort.,benign
Anna Pennington and Wanda Bautista conducted a drill with sniper rifle near North William around 13:30.,critical
William Salinas warned of an impending attack in Samanthafurt using grenade at midnight.,benign
Steven Hamilton warned of an impending attack in Josephtown using drone at midnight.,benign
A joint operation led by Abigail Morris uncovered hidden AK-47 caches in South Melissaville.,critical
"At 20:15, Charles Russell met with Michael Black in Daisytown to discuss AK-47.",critical
Security forces responded to a threat involving AK-47 in East Haley led by Curtis Perez at 07:45.,suspicious
"At dawn, David Thomas met with Nicole Morales in North Josephfurt to discuss chemical gas.",suspicious
Security forces responded to a threat involving RPG in New Charlotte led by Patrick Lam at evening.,suspicious
Juan Davis warned of an impending attack in South Erinton using sniper rifle at 13:30.,critical
"At 20:15, Anthony Moran met with Gary Frazier in North Ronaldtown to discuss RPG.",benign
Military sources say Stephanie Allen planned a strike at Lake Philipfort using chemical gas at 13:30.,critical
Authorities in West Emily detained Jody Williams with explosives resembling sniper rifle at dawn.,suspicious
Authorities in Jacksonchester detained Jason Rivera with explosives resembling AK-47 at 13:30.,benign
Multiple drones carrying grenade spotted near West Michaelside just after 20:15.,benign
A joint operation led by Megan Haley uncovered hidden chemical gas caches in Goodwinbury.,suspicious
Richard Daniels warned of an impending attack in Dayfort using drone at 20:15.,critical
James Thomas and Miranda Cox conducted a drill with chemical gas near Millerchester around 20:15.,critical
13:30: Surveillance detected Angela Salinas transporting RPG through Hernandezport.,suspicious
Alison Wallace and Mr. Charles Scott Jr. conducted a drill with chemical gas near New Jeffreyburgh around dawn.,benign
20:15: Surveillance detected Dr. James Garrett transporting drone through South Lance.,critical
20:15: Surveillance detected Tonya Davis transporting chemical gas through Owensburgh.,suspicious
Security forces responded to a threat involving IED in North Benjaminfort led by Joe Hughes at evening.,benign
Allison James and Anthony Morales conducted a drill with drone near Hollandport around 07:45.,benign
Multiple drones carrying AK-47 spotted near Cruzport just after evening.,critical
"At 13:30, Ashley Payne met with Adam Watkins in South Dennis to discuss drone.",benign
Multiple drones carrying drone spotted near Aaronbury just after 13:30.,benign
Multiple drones carrying AK-47 spotted near New Brent just after evening.,critical
Valerie Anderson confirmed a suspicious package was found near Ashleyton around 20:15.,suspicious
Multiple drones carrying sniper rifle spotted near Amandamouth just after 03:00.,suspicious
A joint operation led by Amy Brown uncovered hidden AK-47 caches in New Hayden.,critical
Multiple drones carrying RPG spotted near Carlaberg just after 03:00.,critical
Multiple drones carrying chemical gas spotted near Jamiefurt just after 07:45.,critical
Emma Bowman warned of an impending attack in New Alejandrofort using RPG at evening.,benign
Billy Ford warned of an impending attack in North Joeshire using IED at 20:15.,suspicious
"At 13:30, Cindy Evans met with Jennifer Guerra in Lake Paul to discuss IED.",critical
Authorities in Brettport detained Emily Mccarthy with explosives resembling IED at midnight.,critical
Authorities in Port Lisa detained Mark Odonnell with explosives resembling drone at 13:30.,benign
"At 20:15, Vanessa Silva met with Richard Lynch in Port Robertview to discuss IED.",suspicious
Multiple drones carrying sniper rifle spotted near West Pamela just after 07:45.,critical
20:15: Surveillance detected Tonya Gutierrez transporting chemical gas through Port Jamie.,critical
Authorities in Smithfurt detained Kimberly Miller with explosives resembling sniper rifle at midnight.,critical
Military sources say Erica Morrison planned a strike at West Donna using AK-47 at evening.,critical
Security forces responded to a threat involving IED in Russellbury led by Maureen Miller MD at midnight.,benign
Authorities in Erinchester detained Bryan Mitchell MD with explosives resembling grenade at 03:00.,benign
Authorities in Port Anthonyton detained Sean Bauer with explosives resembling AK-47 at evening.,benign
Paula Cunningham and Amber Cooper conducted a drill with IED near North Jimfurt around 20:15.,critical
03:00: Surveillance detected Allison Thornton transporting IED through Nicoleville.,suspicious
Military sources say Katie Brown planned a strike at Sawyerbury using AK-47 at dawn.,benign
A joint operation led by Kristina Yoder uncovered hidden RPG caches in North Ryanberg.,suspicious
Security forces responded to a threat involving AK-47 in West Mike led by Alejandro Dawson at dawn.,benign
Nathan Lewis confirmed a suspicious package was found near Paultown around midnight.,critical
Crystal Walker DDS and Michael Williams conducted a drill with AK-47 near New Jessicaberg around 13:30.,benign
Military sources say Leonard Martinez planned a strike at Hortonstad using drone at dawn.,benign
Authorities in Kingport detained Jessica Thompson with explosives resembling RPG at 20:15.,benign
dawn: Surveillance detected Joseph Harvey transporting drone through Torresmouth.,suspicious
Military sources say Nicole Moore planned a strike at Stuartfurt using IED at 03:00.,suspicious
A joint operation led by Joshua Sanchez uncovered hidden AK-47 caches in Leeburgh.,critical
"At midnight, Cynthia Day met with Jermaine Miller in Walkerland to discuss grenade.",benign
Military sources say Mark Berger planned a strike at Alexanderport using IED at 13:30.,suspicious
20:15: Surveillance detected Tabitha White transporting grenade through East Jordan.,benign
"At 07:45, Jade Baxter met with Megan Shepard in Ricehaven to discuss sniper rifle.",suspicious
Authorities in West Hannahberg detained Alyssa Webb with explosives resembling IED at 20:15.,critical
Deborah Morris warned of an impending attack in Toddchester using drone at 13:30.,benign
Stanley Fisher confirmed a suspicious package was found near North Megan around evening.,critical
Paul Carter confirmed a suspicious package was found near East Ronaldtown around dawn.,critical
Multiple drones carrying sniper rifle spotted near East Richard just after 20:15.,critical
Military sources say Carolyn Duran planned a strike at Port Chelseabury using IED at 13:30.,benign
Authorities in Onealmouth detained Shannon Johnson with explosives resembling drone at 13:30.,benign
Multiple drones carrying drone spotted near East Taylor just after 13:30.,benign
midnight: Surveillance detected Zachary Newton transporting sniper rifle through Rothview.,suspicious
Barbara Navarro warned of an impending attack in East Scottside using sniper rifle at midnight.,benign
Military sources say Tiffany Vargas planned a strike at Kristyburgh using chemical gas at 07:45.,suspicious
Tasha Cunningham confirmed a suspicious package was found near New Stephanieburgh around 13:30.,critical
Authorities in Oconnorstad detained Eric Allen with explosives resembling drone at 20:15.,benign
A joint operation led by Austin Edwards uncovered hidden sniper rifle caches in North Davidmouth.,benign
A joint operation led by Brittany Garza uncovered hidden chemical gas caches in Jamesville.,suspicious
Authorities in East Justinville detained John Russell with explosives resembling IED at 03:00.,suspicious
Patricia Kim warned of an impending attack in Gravesview using sniper rifle at dawn.,critical
A joint operation led by Jeffrey Lin uncovered hidden grenade caches in Fosterport.,critical
Multiple drones carrying grenade spotted near South Michaelborough just after midnight.,benign
07:45: Surveillance detected Matthew Erickson transporting chemical gas through Herreraview.,benign
Wendy Bass warned of an impending attack in West Tiffany using sniper rifle at 07:45.,suspicious
Multiple drones carrying IED spotted near South Davidtown just after 07:45.,critical
Donald Shaw confirmed a suspicious package was found near Brownburgh around 13:30.,critical
Military sources say Jodi Ayers planned a strike at Lake Justin using IED at 07:45.,critical
Security forces responded to a threat involving AK-47 in Lake Brandystad led by Whitney Harris at evening.,critical
"At dawn, Derek Brady met with Kevin Waters in Brownhaven to discuss drone.",suspicious
13:30: Surveillance detected Rachel Pacheco transporting sniper rifle through Hartmouth.,critical
Cindy Castillo confirmed a suspicious package was found near Howellton around 13:30.,suspicious
Authorities in East Lindsayville detained Mark Little with explosives resembling grenade at evening.,critical
David Shelton warned of an impending attack in Lake Davidfort using AK-47 at 13:30.,suspicious
A joint operation led by Christopher Ritter uncovered hidden IED caches in East John.,benign
20:15: Surveillance detected David Romero transporting IED through Williamschester.,critical
Jamie Lopez and Karen Montoya conducted a drill with IED near New Travis around 20:15.,critical
"At 03:00, Mrs. Ashley Mcdonald met with Timothy Henry in East Robertberg to discuss drone.",suspicious
Barbara Munoz and Gregory Ford conducted a drill with RPG near Danielsshire around 20:15.,suspicious
"At dawn, David Shaw met with Eric Williams in West Aaron to discuss IED.",critical
Travis Henry confirmed a suspicious package was found near Mallorybury around 07:45.,suspicious
Brian Dunn warned of an impending attack in New Robert using IED at 20:15.,critical
Authorities in Dunlapshire detained Joseph Cook with explosives resembling AK-47 at 13:30.,suspicious
20:15: Surveillance detected Dale Garrison transporting drone through Garrisonland.,critical
Kyle Anderson warned of an impending attack in Sanchezton using grenade at 03:00.,suspicious
Brian Ball confirmed a suspicious package was found near West Dwayne around midnight.,benign
Nicholas Hutchinson confirmed a suspicious package was found near Christopherstad around 03:00.,critical
Brandon Dillon confirmed a suspicious package was found near Amberport around dawn.,critical
Security forces responded to a threat involving chemical gas in South Barbara led by Kathryn Hunter at 20:15.,critical
07:45: Surveillance detected Ronald Mclaughlin transporting IED through West Kurtmouth.,critical
Multiple drones carrying drone spotted near Johnmouth just after evening.,suspicious
A joint operation led by Mariah Sheppard uncovered hidden drone caches in Port Erica.,benign
"At 03:00, Amanda Weber met with Thomas Duncan in East Ashley to discuss grenade.",benign
Authorities in Thomasview detained Christopher Collier with explosives resembling drone at evening.,suspicious
Lori Allison confirmed a suspicious package was found near Sandersshire around 20:15.,critical
Shannon Lopez warned of an impending attack in South Susantown using chemical gas at evening.,suspicious
Ashley Martin warned of an impending attack in West Kayleeside using sniper rifle at 07:45.,benign
A joint operation led by Denise Smith uncovered hidden IED caches in Diazview.,critical
03:00: Surveillance detected Jose May transporting sniper rifle through East Laurenside.,critical
Military sources say Madison Mays planned a strike at South Kimberlyfurt using IED at 03:00.,critical
Multiple drones carrying sniper rifle spotted near Michaelborough just after evening.,critical
Matthew Williams and Laura Barrera conducted a drill with IED near Rileyhaven around dawn.,benign
Military sources say Carrie Hale planned a strike at Lake Michelleburgh using RPG at 07:45.,benign
Security forces responded to a threat involving drone in South Stephanieton led by Amanda Baker at midnight.,critical
A joint operation led by Harold Moore uncovered hidden grenade caches in Sarahborough.,suspicious
A joint operation led by Rebecca Griffin uncovered hidden AK-47 caches in Alexandrashire.,critical
Security forces responded to a threat involving IED in Klineton led by Tammy Lopez at evening.,suspicious
Authorities in Figueroaville detained Jonathan Carrillo with explosives resembling RPG at 20:15.,benign
Multiple drones carrying AK-47 spotted near Lake Melissa just after dawn.,suspicious
Security forces responded to a threat involving drone in South Kenneth led by Randall Watson at 07:45.,critical
A joint operation led by Zachary Austin uncovered hidden grenade caches in West Christopherbury.,critical
Jack Lewis and Tammy Carter conducted a drill with sniper rifle near North Debra around 20:15.,critical
Laurie Estrada and Edward Flores conducted a drill with chemical gas near Robertmouth around evening.,benign
Jordan Mcdonald confirmed a suspicious package was found near New Sarah around evening.,suspicious
Emily Young confirmed a suspicious package was found near Jessicatown around 03:00.,suspicious
A joint operation led by Peter Perez uncovered hidden sniper rifle caches in Port Christopherhaven.,critical
Keith Williams warned of an impending attack in Williefort using drone at dawn.,benign
David Kelly and Sarah Murray conducted a drill with grenade near Deanland around 07:45.,suspicious
Authorities in Tamarashire detained Nicholas Shaw with explosives resembling IED at 20:15.,suspicious
A joint operation led by Kylie Cummings DDS uncovered hidden drone caches in Jacksonmouth.,critical
Becky Franklin and Douglas Avery conducted a drill with chemical gas near New James around midnight.,benign
Security forces responded to a threat involving RPG in New Bobbybury led by Ashley Pierce MD at 03:00.,critical
"At 13:30, Eric Thompson met with Jonathan Reynolds in Joshuamouth to discuss sniper rifle.",critical
Travis Hines and Stephen Jimenez conducted a drill with IED near New Shaneshire around dawn.,benign
"At evening, Nathan Cruz met with Anthony Mitchell in North Marilyn to discuss IED.",critical
Multiple drones carrying grenade spotted near West Amandastad just after 07:45.,critical
A joint operation led by Bridget Wolfe uncovered hidden chemical gas caches in Larsenville.,benign
Michael Myers confirmed a suspicious package was found near Carlosview around 20:15.,suspicious
03:00: Surveillance detected Nicole Mccormick transporting RPG through Grayhaven.,suspicious
A joint operation led by Joshua Grimes uncovered hidden IED caches in Moorebury.,benign
20:15: Surveillance detected Jesus Rice transporting RPG through Morganberg.,benign
Military sources say Steven Hicks planned a strike at Anaton using chemical gas at midnight.,benign
Roy House and Susan Hardy conducted a drill with RPG near West Laurieport around midnight.,critical
Authorities in West Elizabethborough detained Julia Wade with explosives resembling chemical gas at midnight.,suspicious
Carl Bryant and Michael Suarez conducted a drill with drone near Lake Johnmouth around midnight.,benign
A joint operation led by Billy Herrera uncovered hidden IED caches in Chandlermouth.,benign
Shelley Green confirmed a suspicious package was found near Christopherport around dawn.,critical
Authorities in West Ronnie detained Andrew Reese with explosives resembling RPG at 07:45.,suspicious
Military sources say Kim Castillo DDS planned a strike at Michaelside using drone at 03:00.,critical
Authorities in Maryshire detained Mary Hunter with explosives resembling chemical gas at 07:45.,suspicious
A joint operation led by Carla Galvan uncovered hidden AK-47 caches in Andersonton.,benign
Military sources say Keith Jones planned a strike at East Kathryn using sniper rifle at midnight.,critical
Karen Munoz and Susan Taylor conducted a drill with drone near East Madeline around 03:00.,critical
Military sources say Andrea Fuller planned a strike at Rodriguezstad using sniper rifle at 20:15.,benign
Authorities in Nathanielside detained Brandy Chavez with explosives resembling AK-47 at 20:15.,benign
Authorities in Jaredstad detained Jorge Cordova with explosives resembling grenade at dawn.,critical
Cole Thompson confirmed a suspicious package was found near Jayborough around 07:45.,benign
Security forces responded to a threat involving chemical gas in Harrisport led by Kara Ashley at midnight.,benign
Security forces responded to a threat involving RPG in Garciafort led by Casey Gaines at 07:45.,suspicious
Security forces responded to a threat involving AK-47 in Port Sandra led by Whitney Cox at 20:15.,critical
Matthew Duran confirmed a suspicious package was found near Olsonchester around 13:30.,benign
Multiple drones carrying drone spotted near Meghanmouth just after 03:00.,critical
Justin Peterson and Teresa Anderson conducted a drill with sniper rifle near Lawrencebury around midnight.,suspicious
Katherine Marks and Erin Knight conducted a drill with sniper rifle near Ashleychester around 07:45.,critical
evening: Surveillance detected Mason Holland transporting chemical gas through Port Claudia.,suspicious
Military sources say Jason Lindsey planned a strike at Johnsonport using sniper rifle at 07:45.,critical
"At 20:15, Joseph Baldwin met with Kathryn Tucker in Brownland to discuss grenade.",benign
Kathryn Miller warned of an impending attack in Port Jeremiah using sniper rifle at dawn.,benign
"At midnight, Richard Simmons met with Matthew Chambers in Chambersbury to discuss sniper rifle.",benign
Military sources say Paul Smith planned a strike at West Joshua using IED at midnight.,suspicious
Military sources say Brandi Bennett planned a strike at Port Gregorytown using grenade at 07:45.,suspicious
Security forces responded to a threat involving RPG in North Matthew led by Amber Powell at 03:00.,benign
A joint operation led by Steven Bennett uncovered hidden RPG caches in Cheyennemouth.,suspicious
"At 13:30, Elizabeth Brown met with Cathy Alvarado in Barberside to discuss IED.",benign
evening: Surveillance detected Joshua Rivera transporting drone through Meganburgh.,critical
Mary Johnson warned of an impending attack in Lake Victoriaville using AK-47 at midnight.,suspicious
Monique Hopkins confirmed a suspicious package was found near Kimberlyfort around evening.,critical
Security forces responded to a threat involving chemical gas in South Theresa led by Karen Walker at midnight.,benign
"At 20:15, Tonya Miller met with Jacob Clark in North Jonathan to discuss grenade.",critical
Military sources say Craig West planned a strike at Kevinshire using chemical gas at 20:15.,benign
Monica Nichols warned of an impending attack in Welchport using grenade at evening.,benign
Terry Shepard confirmed a suspicious package was found near Deborahville around 13:30.,critical
Authorities in Port Timothyton detained Amanda Morgan with explosives resembling grenade at 07:45.,suspicious
dawn: Surveillance detected Tiffany Wong transporting IED through Alexandermouth.,suspicious
Military sources say Mr. Taylor Glover planned a strike at Thomasborough using sniper rifle at 13:30.,critical
Amanda Waller confirmed a suspicious package was found near East Erikside around midnight.,critical
dawn: Surveillance detected Ann Johnson transporting grenade through West Adam.,benign
Multiple drones carrying RPG spotted near Fowlerhaven just after 03:00.,critical
evening: Surveillance detected Cody Gonzalez transporting AK-47 through Christopherborough.,suspicious
Kelsey Parsons warned of an impending attack in Robertside using AK-47 at 13:30.,benign
Jason Little confirmed a suspicious package was found near Sarahshire around 07:45.,critical
midnight: Surveillance detected Anthony Harrison transporting sniper rifle through Lake Monicamouth.,critical
Security forces responded to a threat involving RPG in Rileyton led by Joshua Ashley at midnight.,critical
Jamie Holloway and Robert Woods conducted a drill with chemical gas near Lake Benjaminville around 20:15.,benign
Multiple drones carrying AK-47 spotted near Rodriguezburgh just after midnight.,critical
Denise Mccoy confirmed a suspicious package was found near Port Valerie around 13:30.,suspicious
Military sources say David Jordan planned a strike at Allenville using sniper rifle at midnight.,suspicious
Multiple drones carrying drone spotted near Lake Timothymouth just after midnight.,critical
A joint operation led by Michele Nelson uncovered hidden AK-47 caches in Baxterville.,suspicious
03:00: Surveillance detected Haley Patterson transporting sniper rifle through West Jacobton.,suspicious
Security forces responded to a threat involving chemical gas in Jacksonshire led by Lucas Johnson at midnight.,critical
Security forces responded to a threat involving RPG in New Amandaview led by Bryan Miller at 13:30.,benign
Lisa Alvarez and Erik Walker conducted a drill with grenade near Dawnside around 03:00.,benign
Gloria Deleon and Robert Savage conducted a drill with grenade near South Paul around 07:45.,benign
"At evening, Kristen Velasquez met with Steven Todd in Wilsonview to discuss RPG.",critical
A joint operation led by Nathan Waller uncovered hidden AK-47 caches in Danielmouth.,benign
Military sources say Reginald Kirk planned a strike at North Nicoleton using IED at 13:30.,suspicious
A joint operation led by April Lin uncovered hidden RPG caches in West Jonathanberg.,critical
Denise Oneill confirmed a suspicious package was found near East Crystal around dawn.,suspicious
dawn: Surveillance detected Alexis Allen transporting IED through Port Anthony.,benign
William Best warned of an impending attack in Dawnview using drone at midnight.,suspicious
A joint operation led by Jackie Roy uncovered hidden IED caches in Melissaland.,suspicious
Multiple drones carrying RPG spotted near South Brenda just after 13:30.,suspicious
Military sources say Kyle Pena planned a strike at Stephaniestad using AK-47 at 03:00.,suspicious
"At evening, Joseph Rasmussen met with Jennifer Ross in Tammymouth to discuss RPG.",critical
A joint operation led by Peter Garcia uncovered hidden chemical gas caches in South Charlesfort.,benign
Christopher Archer warned of an impending attack in Rebeccaland using grenade at midnight.,critical
"At 20:15, Ryan Lopez met with Brenda Lewis in New Amanda to discuss sniper rifle.",suspicious
A joint operation led by Omar Holden uncovered hidden sniper rifle caches in Caldwellton.,benign
Lauren Dillon warned of an impending attack in Pamelaside using sniper rifle at 13:30.,suspicious
Alyssa Anderson warned of an impending attack in Mayoburgh using chemical gas at 20:15.,benign
Security forces responded to a threat involving chemical gas in Abigailport led by Susan Brown at dawn.,suspicious
Michelle Green warned of an impending attack in Port Veronicaville using AK-47 at dawn.,benign
Security forces responded to a threat involving RPG in Coxshire led by David Henry at 13:30.,suspicious
A joint operation led by Jennifer Blake DVM uncovered hidden grenade caches in Larryville.,critical
Military sources say William Douglas planned a strike at North Jessicafurt using AK-47 at 20:15.,suspicious
Courtney Robinson MD confirmed a suspicious package was found near Jonathanhaven around 20:15.,critical
Security forces responded to a threat involving IED in Laurenhaven led by Samuel Cunningham at 13:30.,benign
Melissa Stark and Vickie Moran conducted a drill with RPG near East Andremouth around 13:30.,benign
Military sources say Jocelyn Alvarado planned a strike at South Richard using chemical gas at 07:45.,critical
